{
	"info": {
		"_postman_id": "cb1397c1-80dd-451d-afc7-2e67f289fe74",
		"name": "EntertainMe",
		"schema": "https://schema.getpostman.com/json/collection/v2.1.0/collection.json"
	},
	"item": [
		{
			"name": "Home",
			"item": [
				{
					"name": "Get Homepage Titles",
					"protocolProfileBehavior": {
						"disableBodyPruning": true
					},
					"request": {
						"method": "GET",
						"header": [
							{
								"key": "userid",
								"value": "{{userid}}",
								"type": "default"
							}
						],
						"body": {
							"mode": "raw",
							"raw": "",
							"options": {
								"raw": {
									"language": "json"
								}
							}
						},
						"url": {
							"raw": "http://localhost:5000/titles",
							"protocol": "http",
							"host": [
								"localhost"
							],
							"port": "5000",
							"path": [
								"titles"
							]
						}
					},
					"response": []
				}
			]
		},
		{
			"name": "Title",
			"item": [
				{
					"name": "Get Title By ID",
					"protocolProfileBehavior": {
						"disableBodyPruning": true
					},
					"request": {
						"method": "GET",
						"header": [
							{
								"key": "userid",
								"value": "{{userid}}",
								"type": "default"
							}
						],
						"body": {
							"mode": "raw",
							"raw": "",
							"options": {
								"raw": {
									"language": "json"
								}
							}
						},
						"url": {
							"raw": "http://localhost:5000/titles/22998",
							"protocol": "http",
							"host": [
								"localhost"
							],
							"port": "5000",
							"path": [
								"titles",
								"22998"
							]
						}
					},
					"response": []
				},
				{
					"name": "Get Random Title",
					"protocolProfileBehavior": {
						"disableBodyPruning": true
					},
					"request": {
						"method": "GET",
						"header": [],
						"body": {
							"mode": "raw",
							"raw": "",
							"options": {
								"raw": {
									"language": "json"
								}
							}
						},
						"url": {
							"raw": "http://localhost:5000/randomtitle",
							"protocol": "http",
							"host": [
								"localhost"
							],
							"port": "5000",
							"path": [
								"randomtitle"
							]
						}
					},
					"response": []
				},
				{
					"name": "Get Title Reviews",
					"protocolProfileBehavior": {
						"disableBodyPruning": true
					},
					"request": {
						"method": "GET",
						"header": [],
						"body": {
							"mode": "raw",
							"raw": "",
							"options": {
								"raw": {
									"language": "json"
								}
							}
						},
						"url": {
							"raw": "http://localhost:5000/review/22998",
							"protocol": "http",
							"host": [
								"localhost"
							],
							"port": "5000",
							"path": [
								"review",
								"22998"
							]
						}
					},
					"response": []
				},
				{
					"name": "Get Recommendations",
					"protocolProfileBehavior": {
						"disableBodyPruning": true
					},
					"request": {
						"method": "GET",
						"header": [
							{
								"key": "userid",
								"value": "{{userid}}",
								"type": "default"
							}
						],
						"body": {
							"mode": "raw",
							"raw": "",
							"options": {
								"raw": {
									"language": "json"
								}
							}
						},
						"url": {
							"raw": "http://localhost:5000/getrecs/31911",
							"protocol": "http",
							"host": [
								"localhost"
							],
							"port": "5000",
							"path": [
								"getrecs",
								"31911"
							]
						}
					},
					"response": []
				},
				{
					"name": "Write Title Review",
					"request": {
						"method": "POST",
						"header": [],
						"body": {
							"mode": "raw",
							"raw": "{\r\n    \"user_review_rating\": 5,\r\n    \"user_review_title\": \"Test review title input\",\r\n    \"user_review_description\": \"This movie was great!!.\",\r\n    \"user_id\": {{userid}},\r\n    \"title_id\": \"22998\"\r\n}",
							"options": {
								"raw": {
									"language": "json"
								}
							}
						},
						"url": {
							"raw": "http://localhost:5000/review",
							"protocol": "http",
							"host": [
								"localhost"
							],
							"port": "5000",
							"path": [
								"review"
							]
						}
					},
					"response": []
				}
			]
		},
		{
			"name": "User",
			"item": [
				{
					"name": "Create User",
					"request": {
						"method": "POST",
						"header": [],
						"body": {
							"mode": "raw",
							"raw": "{\r\n    \"first\": \"Jane\",\r\n    \"last\": \"Doe\",\r\n    \"email\": \"testuser@mail.com\",\r\n    \"password\": \"password\"\r\n}",
							"options": {
								"raw": {
									"language": "json"
								}
							}
						},
						"url": {
							"raw": "http://localhost:5000/register",
							"protocol": "http",
							"host": [
								"localhost"
							],
							"port": "5000",
							"path": [
								"register"
							]
						}
					},
					"response": []
				},
				{
					"name": "Create Token",
					"request": {
						"method": "POST",
						"header": [],
						"body": {
							"mode": "raw",
							"raw": "{\r\n    \"email\": \"test@test.com\",\r\n    \"password\": \"password\"\r\n}",
							"options": {
								"raw": {
									"language": "json"
								}
							}
						},
						"url": {
							"raw": "http://localhost:5000/token",
							"protocol": "http",
							"host": [
								"localhost"
							],
							"port": "5000",
							"path": [
								"token"
							]
						}
					},
					"response": []
				},
				{
					"name": "Refresh Token",
					"request": {
						"method": "POST",
						"header": [],
						"body": {
							"mode": "raw",
							"raw": "",
							"options": {
								"raw": {
									"language": "json"
								}
							}
						},
						"url": {
							"raw": "http://localhost:5000/refreshtoken",
							"protocol": "http",
							"host": [
								"localhost"
							],
							"port": "5000",
							"path": [
								"refreshtoken"
							]
						}
					},
					"response": []
				},
				{
					"name": "Reset Password",
					"request": {
						"method": "POST",
						"header": [],
						"body": {
							"mode": "raw",
							"raw": "{\r\n    \"email\": \"Midterm@test.com\",\r\n    \"password\": \"newpassword\"\r\n}",
							"options": {
								"raw": {
									"language": "json"
								}
							}
						},
						"url": {
							"raw": "http://localhost:5000/forgotpassword",
							"protocol": "http",
							"host": [
								"localhost"
							],
							"port": "5000",
							"path": [
								"forgotpassword"
							]
						}
					},
					"response": []
				},
				{
					"name": "Get Profile Info",
					"protocolProfileBehavior": {
						"disableBodyPruning": true
					},
					"request": {
						"method": "GET",
						"header": [
							{
								"key": "userid",
								"value": "{{userid}}",
								"type": "default"
							}
						],
						"body": {
							"mode": "raw",
							"raw": "",
							"options": {
								"raw": {
									"language": "json"
								}
							}
						},
						"url": {
							"raw": "http://localhost:5000/profile",
							"protocol": "http",
							"host": [
								"localhost"
							],
							"port": "5000",
							"path": [
								"profile"
							]
						}
					},
					"response": []
				},
				{
					"name": "Logout",
					"request": {
						"method": "POST",
						"header": [],
						"body": {
							"mode": "raw",
							"raw": "{\r\n    \"email\": \"test\",\r\n    \"password\": \"test\"\r\n}",
							"options": {
								"raw": {
									"language": "json"
								}
							}
						},
						"url": {
							"raw": "http://localhost:5000/logout",
							"protocol": "http",
							"host": [
								"localhost"
							],
							"port": "5000",
							"path": [
								"logout"
							]
						}
					},
					"response": []
				}
			]
		},
		{
			"name": "Search",
			"item": [
				{
					"name": "Search Title",
					"protocolProfileBehavior": {
						"disableBodyPruning": true
					},
					"request": {
						"method": "GET",
						"header": [
							{
								"key": "userid",
								"value": "{{userid}}",
								"type": "default"
							}
						],
						"body": {
							"mode": "raw",
							"raw": "",
							"options": {
								"raw": {
									"language": "json"
								}
							}
						},
						"url": {
							"raw": "http://localhost:5000/search/force",
							"protocol": "http",
							"host": [
								"localhost"
							],
							"port": "5000",
							"path": [
								"search",
								"force"
							]
						}
					},
					"response": []
				}
			]
		},
		{
			"name": "Watchlist",
			"item": [
				{
					"name": "Add Watchlist",
					"request": {
						"method": "POST",
						"header": [],
						"body": {
							"mode": "raw",
							"raw": "{\r\n    \"user_watchlist_favorite\": true,\r\n    \"user_id\": {{userid}},\r\n    \"title_id\": \"22998\"\r\n}",
							"options": {
								"raw": {
									"language": "json"
								}
							}
						},
						"url": {
							"raw": "http://localhost:5000/userwatchlist",
							"protocol": "http",
							"host": [
								"localhost"
							],
							"port": "5000",
							"path": [
								"userwatchlist"
							]
						}
					},
					"response": []
				},
				{
					"name": "Delete Watchlist Title By ID",
					"request": {
						"method": "DELETE",
						"header": [
							{
								"key": "userid",
								"value": "{{userid}}",
								"type": "default"
							}
						],
						"url": {
							"raw": "http://localhost:5000/userwatchlist/12",
							"protocol": "http",
							"host": [
								"localhost"
							],
							"port": "5000",
							"path": [
								"userwatchlist",
								"12"
							]
						}
					},
					"response": []
				},
				{
					"name": "Get User Watchlist",
					"protocolProfileBehavior": {
						"disableBodyPruning": true
					},
					"request": {
						"method": "GET",
						"header": [
							{
								"key": "userid",
								"value": "{{userid}}",
								"type": "default"
							}
						],
						"body": {
							"mode": "raw",
							"raw": ""
						},
						"url": {
							"raw": "http://localhost:5000/userwatchlist",
							"protocol": "http",
							"host": [
								"localhost"
							],
							"port": "5000",
							"path": [
								"userwatchlist"
							]
						}
					},
					"response": []
				}
			]
		},
		{
			"name": "Misc",
			"item": [
				{
					"name": "TestBackend Connetion",
					"request": {
						"method": "GET",
						"header": [],
						"url": {
							"raw": "http://localhost:5000/",
							"protocol": "http",
							"host": [
								"localhost"
							],
							"port": "5000",
							"path": [
								""
							]
						}
					},
					"response": []
				}
			]
		}
	],
	"auth": {
		"type": "bearer",
		"bearer": [
			{
				"key": "token",
				"value": "eyJhbGciOiJIUzI1NiIsInR5cCI6IkpXVCJ9.eyJmcmVzaCI6ZmFsc2UsImlhdCI6MTY4NTQ5OTY2NywianRpIjoiMjVkYTE0OWYtYjE0YS00NzUwLWFiZDItNjkzNGY4YzlhNjAxIiwidHlwZSI6ImFjY2VzcyIsInN1YiI6InRlc3RAdGVzdC5jb20iLCJuYmYiOjE2ODU0OTk2NjcsImV4cCI6MTY4NTQ5OTcyN30.Dks2xE-sywP337gP85G0JB-MLKcG8pteAJH7reI3Nuw",
				"type": "string"
			}
		]
	},
	"event": [
		{
			"listen": "prerequest",
			"script": {
				"type": "text/javascript",
				"exec": [
					""
				]
			}
		},
		{
			"listen": "test",
			"script": {
				"type": "text/javascript",
				"exec": [
					""
				]
			}
		}
	],
	"variable": [
		{
			"key": "userid",
			"value": "1",
			"type": "default"
		}
	]
}